-- Helpful People --
Josh Turpen	    44699@ef.gc.maricopa.edu
Sengan Short 	    sengan.short@durham.ac.uk
Malcolm Taylor      malcolm@manawalu.gen.nz 
Charles Sandmann    sandmann@clio.rice.edu
DJ Delorie          dj@delorie.com
Chih-Hao Tsai       c-tsai4@uiuc.edu 
Eli Zaretskii       eliz@is.elta.co.il
Douglas Eleveld     deleveld@noord.bart.nl
Paul Cunningham     paul_c@onaustralia.com.au
